<?xml version="1.0"?>
<!DOCTYPE module PUBLIC
          "-//Checkstyle//DTD Checkstyle Configuration 1.3//EN"
          "https://checkstyle.org/dtds/configuration_1_3.dtd">

<!--
    Checkstyle configuration that checks the CS310 coding conventions.

    Checkstyle is very configurable. Be sure to read the documentation at
    http://checkstyle.sf.net (or in your downloaded distribution).
	
	Author: K. Raven Russell
 -->

<module name = "Checker">
    <property name="charset" value="UTF-8"/>
	<property name="tabWidth" value="4"/>
    <property name="severity" value="warning"/>
    <property name="fileExtensions" value="java, properties, xml"/>
    
    <module name="TreeWalker">
		<module name="JavadocStyle">
			<property name="checkFirstSentence" value="false" />
			<property name="checkEmptyJavadoc" value="true" />
		</module>
		<module name="JavadocType" />
		<module name="JavadocVariable" />
        <module name="JavadocParagraph"/>
        <module name="MissingJavadocType">
            <property name="scope" value="private"/>
		</module>
        <module name="MissingJavadocMethod">
            <property name="scope" value="private"/>
            <property name="allowedAnnotations" value="Override, Test"/>
        </module>
        <module name="SummaryJavadoc">
            <property name="forbiddenSummaryFragments"
             value="^@return the *|^This method returns |^A [{]@code [a-zA-Z0-9]+[}]( is a )"/>
        </module>
        <module name="AtclauseOrder">
            <property name="tagOrder" value="@param, @return, @throws, @deprecated"/>
            <property name="target"
             value="CLASS_DEF, INTERFACE_DEF, ENUM_DEF, METHOD_DEF, CTOR_DEF, VARIABLE_DEF"/>
        </module>
        <module name="JavadocMethod">
            <property name="allowedAnnotations" value="Override, Test"/>
            <property name="allowThrowsTagsForSubclasses" value="true"/>
        </module>
        <module name="SingleLineJavadoc">
            <property name="ignoreInlineTags" value="false"/>
        </module>
        <module name="InvalidJavadocPosition"/>
        <module name="CommentsIndentation"/>
        <module name="JavadocTagContinuationIndentation"/>
        <module name="NonEmptyAtclauseDescription"/>
    </module>
</module>
